aa	453
aabhaasan	453
aagraham	453
aakk	453
aakkam	453
aakkan	453
aakki	453
aal	453
aalochichu	453
aanallo	453
aandavane	453
aaneda	453
aanengil	453
aanennu	453
aano	453
aanu	453
aaraa	453
aarikkum	453
aarude	453
aasari	453
aavo	453
aayi	453
aayilla	453
aayille	453
aayino	453
aayirunno	453
aayirunnu	453
aayitt	453
aayo	453
Achan	453
adangan	453
adhikam	453
adi	453
adich	453
adicha	453
adichathu	453
adichitt	453
adichondalle	453
adichu	453
adikk	453
adikkam	453
adikkan	453
adikkanam	453
adikkum	453
adikkunnath	453
adipoli	453
adiyaa	453
aduth	453
aethu	453
Agara	453
alla	453
allall	453
allallo	453
alle	453
allel	453
allo	453
Amma	453
andavane	453
andi	453
angane	453
Anjarakkandy	453
appo	453
appol	453
appolekkum	453
Arabi	453
Aravind	453
ariy	453
ariyilla	453
ariyu	453
athe	453
atheo	453
athil	453
athra	453
athre	453
athu	453
atleast	453
avan	453
avastha	453
avide	453
avitha	453
ayachu	453
ayakkam	453
ayyo	453
azhichu	453
azhinju	453
bandham	453
bandhan	453
bhaarya	453
bhayya	453
biriyani	453
Bommasandra	453
bro	453
canfinhomes	453
chaadi	453
chakkar	453
chakkara	453
Chakkarakal	453
chakkare	453
Chali	453
Chalikutta	453
Chamundi	453
changayi	453
charakk	453
chathan	453
Chatta	453
chekkan	453
chekkante	453
chelav	453
cherungane	453
cheythu	453
cheyy	453
cheyyan	453
cheyyum	453
cheyyunna	453
chilav	453
chodikk	453
choor	453
Chotie	453
Chovva2	453
coverity	453
dey	453
Dhanutti	453
divasam	453
Dommasandra	453
dont	453
Doppu	453
Drisya	453
edukkanam	453
edukkum	453
eduth	453
ee	453
Eechi	453
eetta	453
eettan	453
eettanod	453
eettante	453
ellam	453
ellarum	453
eng	453
engane	453
enganeya	453
engil	453
engilo	453
engilum	453
enh	453
enikk	453
enikkan	453
ennal	453
ennu	453
ente	453
enth	453
entha	453
enthayi	453
enthayirunnu	453
enthe	453
enthokkeya	453
enthonnu	453
enthu	453
enthundu	453
eppo	453
eppolekk	453
eppozha	453
eppozhathekk	453
Eranakulam	453
ethi	453
ethiya	453
ethiyallo	453
ethiye	453
ethiyo	453
ethra	453
ethuka	453
ethum	453
evide	453
evideya	453
GainSpan	453
Gopasandra	453
gopro	453
gothamb	453
Hajosh	453
hmm	453
hmmm	453
hogale	453
HSR	453
HSRLayout	453
Hunskur	453
ICICI	453
il	453
illa	453
illallo	453
illathe	453
ille	453
ingane	453
inganethe	453
ingu	453
ini	453
iniyum	453
innale	453
innalethe	453
innu	453
Iperf	453
ippo	453
ippol	453
ippozha	453
ippozhum	453
irakk	453
irangi	453
irikk	453
irikkuaa	453
irikkunnu	453
irunno	453
irunnu	453
ishtam	453
ithavana	453
ithu	453
ittath	453
ittittundu	453
ivide	453
Jayalakshmi	453
jayikk	453
jayikkan	453
jayikkanam	453
jayikkande	453
jayukkum	453
ji	453
Jira	453
Jithin	453
kaali	453
kaanaam	453
kaanaan	453
kaanu	453
kaanua	453
kaanum	453
kacheri	453
kadala	453
kadam	453
kadha	453
kahani	453
Kairali	453
kakkoose	453
Kalarikkandi	453
Kalasipalaya	453
Kalasipalayam	453
kalay	453
kalayam	453
kalayanam	453
kalayu	453
kalyanam	453
kambi	453
Kanakapura	453
kandallo	453
kande	453
kandilla	453
kandillallo	453
kanditta	453
kandu	453
kannadi	453
Kannu	453
Kargil	453
Kasarkod	453
kashtam	453
katha	453
Kayalod	453
kayar	453
kayaru	453
kayarunn	453
kayarunnath	453
kayarunnathinu	453
kazha	453
kazhi	453
kazhich	453
kazhichino	453
kazhichio	453
kazhichu	453
kazhinja	453
kazhinjo	453
kazhinju	453
kazhiyanda	453
kazhiyilla	453
kazhiyille	453
kazhiyum	453
kazhiyumo	453
kelavan	453
kelkan	453
kelkand	453
kelkanda	453
kelkandu	453
Keylong	453
kidakk	453
kidakkam	453
kidakkan	453
kidakkunna	453
kidann	453
kidanno	453
kidilan	453
kingini	453
kitti	453
kittilla	453
kittiye	453
kittiyilla	453
kittiyillallo	453
kittiyo	453
kizhi	453
kodukk	453
kodukkam	453
koduthu	453
Koily	453
kolam	453
kollam	453
kollaruthu	453
kollum	453
konda	453
kondu	453
koode	453
koodi	453
kooy	453
Koramangala	453
kshamikk	453
kshamikkam	453
kshamikkan	453
kshamikkanam	453
ksheenam	453
kudi	453
kudicho	453
kudikkum	453
kudiyan	453
kudungi	453
kudungumo	453
kumba	453
kundan	453
kundans	453
kundi	453
Kunju	453
kuppi	453
kurach	453
kurayum	453
kuripp	453
kurippe	453
kurippine	453
kury	453
kutta	453
laddu	453
lekk	453
maanam	453
maari	453
maathram	453
maathrame	453
machi	453
Madiwala	453
madyam	453
madyapikk	453
madyapikkullath	453
maira	453
mairaa	453
mairan	453
mairanmare	453
maka	453
makaa	453
makkal	453
makkale	453
Makki	453
Mambaram	453
Mammootty	453
Manali	453
manass	453
manassil	453
manassilayi	453
manassilayo	453
mani	453
manikk	453
manikkoor	453
Manorama	453
marann	453
marannu	453
Maruthi	453
Masinagudi	453
mathi	453
mathiya	453
mathiyaayi	453
mathiyo	453
mayathil	453
mazha	453
mazhayil	453
medichu	453
medikk	453
medikkam	453
medikkan	453
medikkanda	453
medikkano	453
meera	453
melle	453
Minnu	453
mlechan	453
mone	453
moonchi	453
mosham	453
Mossad	453
mothal	453
mothalaali	453
msg	453
mungi	453
mungiya	453
mungiye	453
Munnar	453
munp	453
murikk	453
murikkanam	453
Muthanallur	453
muthu	453
mutta	453
muttal	453
muttayum	453
Muzhappilangadu	453
naale	453
naalethe	453
naalethekk	453
naalethekku	453
naalethekkum	453
naari	453
naatt	453
naattil	453
naattile	453
naattilekk	453
naattilethe	453
nadakk	453
nadan	453
nakki	453
Nalampeedika	453
nalla	453
nallonam	453
nammal	453
nammalkk	453
nammalude	453
nammude	453
Nandi	453
Naveen	453
Navu	453
Navya	453
Neethul	453
thu	453
thudangi	453
thumbi	453
Titto	453
tkhakarth	453
tkhakarthu	453
ucha	453
uchakk	453
uddesi	453
uddesich	453
uddesiche	453
uddesichu	453
ulla	453
ullappol	453
ullath	453
ulle	453
ullu	453
Umesh	453
Umeshan	453
unda	453
undak	453
undakilla	453
undakille	453
undakum	453
undakumo	453
undengil	453
undu	453
unnath	453
Unnooli	453
urakk	453
urang	453
urangal	453
urangan	453
urangi	453
urangiyal	453
urangiye	453
urangiyo	453
Uvaach	453
vaa	453
vaanam	453
vaang	453
vaangi	453
vaangiyilla	453
vaangiyo	453
vaatt	453
vaayanasaala	453
vacationu	453
vacha	453
vachath	453
vachino	453
vachitt	453
vacho	453
vachu	453
vaka	453
vala	453
valare	453
valaya	453
valayam	453
vandi	453
vannal	453
vanne	453
vannene	453
vannu	453
varaam	453
varaan	453
varan	453
varanam	453
varathan	453
vare	453
varilla	453
varille	453
varthamaanam	453
varumo	453
varunn	453
varunnilla	453
varunnille	453
varunno	453
varunnu	453
varunnundo	453
varunnundu	453
vayana	453
vayanasala	453
vayar	453
vazhi	453
vazhukk	453
vazhukki	453
vedana	453
vedi	453
veedu	453
veendum	453
veenu	453
veett	453
veettil	453
veettilekk	453
vegam	453
velich	453
velicham	453
vellam	453
vellamadi	453
venam	453
vendappa	453
vendathra	453
vende	453
vendi	453
vendiya	453
veno	453
vere	453
veruthe	453
vettu	453
vichar	453
vicharam	453
vicharic	453
vicharichu	453
vilich	453
vilichath	453
vilicho	453
vilichu	453
vilikk	453
vilikkam	453
vilikkan	453
vilikkanam	453
Vineeth	453
VirajPet	453
virinj	453
virinjo	453
virinju	453
Vishu	453
vishwaasam	453
vishwasam	453
vitte	453
vittu	453
vizhungi	453
vizhungikko	453
yirunnu	453
nellikka	453
nerathe	453
nilk	453
nilkan	453
nilkanda	453
nilkande	453
nilpan	453
ninne	453
ninno	453
ninnu	453
ninnum	453
ninte	453
njaan	453
njetti	453
nodu	453
nokka	453
nokkam	453
nokkan	453
nokkande	453
nokkatte	453
nokki	453
nokkiya	453
nokkiyal	453
nokkiyalo	453
nokkiyatte	453
nte	453
odukkathe	453
okke	453
okodukkanam	453
olakka	453
onnu	453
onnum	453
ooh	453
oombi	453
Ootty	453
oppam	453
opparam	453
oppikk	453
oppikkam	453
oppikkan	453
oru	453
oruthan	453
oruthi	453
otta	453
ottakk	453
ozhikk	453
ozhikkam	453
ozhikkan	453
ozhikkatt	453
ozhikkatte	453
paavam	453
paayasam	453
padicho	453
pakshe	453
panchayath	453
pandaram	453
pani	453
panikk	453
pappa	453
pappadam	453
paramb	453
parambath	453
paranj	453
paranjal	453
paranjath	453
paranjatha	453
paranjit	453
paranju	453
paray	453
parayaam	453
parayalle	453
parayam	453
parayan	453
parayanam	453
parayane	453
parayaruthu	453
parayunn	453
parayunnath	453
paripadi	453
patanam	453
pattanam	453
patti	453
pattichirunnu	453
pattichu	453
pattikal	453
pattikale	453
pattikkunnu	453
pattiya	453
pattiye	453
pattiyo	453
pazham	453
pazhaya	453
PhonePay	453
pinangi	453
Pinarayi	453
Pingara	453
pinne	453
plz	453
poda	453
podey	453
podrey	453
pokalle	453
pokki	453
pokkikko	453
pokkiy	453
pokkiyal	453
pokkiyo	453
pokunn	453
pokunnath	453
pokunnathinu	453
policho	453
polichu	453
polikkal	453
polum	453
ponam	453
poocha	453
pooja	453
Poonguzhali	453
pora	453
pottan	453
potti	453
povalle	453
poya	453
poyath	453
poyi	453
poyille	453
poyirunn	453
poyo	453
Prajeesh	453
prasnam	453
prathap	453
pravaasi	453
pravasi	453
premam	453
purake	453
purapp	453
purappett	453
purappettu	453
purath	453
purathekk	453
purathum	453
puzhungi	453
puzhungiya	453
pwoli	453
qa	453
raathri	453
raavile	453
raavilethe	453
raksha	453
rakshay	453
rakshayilla	453
rakshayum	453
ranga	453
Ratheesh	453
rebase	453
rebased	453
Rohith	453
saadhanam	453
saaram	453
saaramilla	453
Sachin	453
samadhaanam	453
samayam	453
sambhavam	453
sammatham	453
sankhi	453
Sapthas	453
shaji	453
Shalini	453
shankh	453
shesham	453
shyju	453
Sree	453
sri	453
Sruthi	453
sthalam	453
sthalath	453
sthalathekk	453
Subbu	453
Sumesh	453
Sumu	453
Sunil	453
swarg	453
swargam	453
swargathekk	453
swargathil	453
swargathilekk	453
swayamvaram	453
Tavarekere	453
th	453
thaaram	453
thakarnn	453
thakarnnu	453
thala	453
thalakk	453
Thalasseri	453
Thalassery	453
thalavedana	453
thalla	453
thalle	453
Thangaran	453
thanne	453
tharan	453
tharanam	453
tharilla	453
tharipp	453
tharum	453
tharumo	453
thats	453
theerth	453
theerthu	453
theetta	453
theettam	453
Thelu	453
theri	453
thirich	453
thirichu	453
thonda	453
thonnundu	453
thonnunne	453
thonnunnilla	453
thonnunnu	453
Thoppyan	453
thott	453
undakk	453
undakkalle	453
parayunne	453
namukk	453
thaniye	453
adiche	453
undakkanam	453
kili	453
vanno	453
aduthu	453
athinu	453
aarikkille	453
Nisha	453
vannille	453
Oohh	453
atheyo	453
kaalam	453
meetam	453
ittino	453
Rasika	453
anwesichu	453
kudumbakkar	453
Sreeshma	453
Broi	453
OTT	453
Empuraan	453
nookk	453
nookku	453
narangaprath	453
Maadhavi	453
poyallo	453
Engot	453
Engott	453
Engottekk	453
Engottekka	453
Engottekkaa	453
irctc	453
oppichu	453
Ethitt	453
Theere	453
Nookki	453
cheyyam	453
AC	453
Liju	453
undallo	453
Vamsi	453
Megha	453
Thakarkk	453
Kittum	453
Kettitt	453
Vova	453
pendrivd	453
pendrive	453
aayath	453
arinju	453
Chalikuttan	453
poyino	453
kaanatha	453
Sarath	453
enthegilum	453
aakkum	453
ashte	453
umma	453
koduthekk	453
laval	453
lavalkk	453
hosa	453
paranjekkam	453
Ritta	453
cheythath	453
cheythathu	453
kaakka	453
bekku	453
Maaza	453
Adoottan	453
Adhoottan	453
Karkkidaka	453
